{
  "task_dir": "/home/caroline/quantycat-positronic/my_data/training_pipeline/training_data/Put_the_screwdriver_into_the_cup",
  "summary": {
    "num_chunks": 37066,
    "chunk_size": 5,
    "action_dim": 6,
    "mean_abs_by_joint": {
      "joint_0": 0.030668849125504494,
      "joint_1": 0.041587524116039276,
      "joint_2": 0.04543425887823105,
      "joint_3": 0.029696259647607803,
      "joint_4": 0.03041825443506241,
      "gripper": 0.02798718400299549
    },
    "near_zero_fraction_by_joint_abs_lt_0.01": {
      "joint_0": 0.19064371661360816,
      "joint_1": 0.3435601359736686,
      "joint_2": 0.17780715480494252,
      "joint_3": 0.26623320563319486,
      "joint_4": 0.3178438461123401,
      "gripper": 0.7949063832083311
    },
    "arm_mean_abs_per_chunk_percentiles": {
      "p0": 0.002356243086978793,
      "p1": 0.005184610839933157,
      "p5": 0.008335692808032036,
      "p10": 0.010754959657788277,
      "p25": 0.01787349209189415,
      "p50": 0.03558119013905525,
      "p75": 0.04875943064689636,
      "p90": 0.06015048921108246,
      "p95": 0.06804846227169037,
      "p99": 0.08348572254180908,
      "p100": 0.12126964330673218
    },
    "all_mean_abs_per_chunk_percentiles": {
      "p0": 0.002247224096208811,
      "p1": 0.0046185655519366264,
      "p5": 0.007273386232554913,
      "p10": 0.009434765204787254,
      "p25": 0.01872825250029564,
      "p50": 0.03483206778764725,
      "p75": 0.046312324702739716,
      "p90": 0.05888736620545387,
      "p95": 0.06648250669240952,
      "p99": 0.08050581812858582,
      "p100": 0.14602001011371613
    },
    "arm_max_abs_per_chunk_percentiles": {
      "p0": 0.003916740417480469,
      "p1": 0.009919501841068268,
      "p5": 0.017130903899669647,
      "p10": 0.02419004589319229,
      "p25": 0.045293450355529785,
      "p50": 0.08397074788808823,
      "p75": 0.12182807922363281,
      "p90": 0.15739159286022186,
      "p95": 0.18029065430164337,
      "p99": 0.23278406262397766,
      "p100": 0.39508017897605896
    },
    "within_chunk_max_change_percentiles": {
      "p0": 0.0,
      "p1": 0.0,
      "p5": 0.0,
      "p10": 0.0,
      "p25": 0.003242604434490204,
      "p50": 0.012970402836799622,
      "p75": 0.020964980125427246,
      "p90": 0.031008362770080566,
      "p95": 0.039256662130355835,
      "p99": 0.06153744459152222,
      "p100": 0.1782463788986206
    },
    "exactly_repeated_chunk_fraction": 0.12073058867965251,
    "quasi_static_chunk_fraction": 0.08433604920951816,
    "active_chunk_fraction": 0.9156639507904818,
    "top_quartile_motion_fraction": 0.2500134894512491,
    "gripper_abs_percentiles": {
      "p0": 0.0,
      "p1": 0.0,
      "p5": 0.0008510638144798577,
      "p10": 0.0008510638144798577,
      "p25": 0.0017021276289597154,
      "p50": 0.002553191501647234,
      "p75": 0.0034042552579194307,
      "p90": 0.13531914353370667,
      "p95": 0.17702127993106842,
      "p99": 0.23489362001419067,
      "p100": 0.4893617033958435
    },
    "gripper_near_zero_fraction": 0.7949063832083311
  },
  "top_windows": [
    {
      "episode": "episode_000000",
      "start_step": 175,
      "end_step": 224,
      "score": 0.07931122928857803,
      "joint_means": {
        "joint_0": 0.05693848058581352,
        "joint_1": 0.11039785295724869,
        "joint_2": 0.1495945006608963,
        "joint_3": 0.024129346013069153,
        "joint_4": 0.05549599975347519,
        "gripper": 0.00910638365894556
      }
    },
    {
      "episode": "episode_000000",
      "start_step": 174,
      "end_step": 223,
      "score": 0.07930087298154831,
      "joint_means": {
        "joint_0": 0.056881312280893326,
        "joint_1": 0.11086621135473251,
        "joint_2": 0.15017184615135193,
        "joint_3": 0.024261310696601868,
        "joint_4": 0.05432368814945221,
        "gripper": 0.008153192698955536
      }
    },
    {
      "episode": "episode_000000",
      "start_step": 176,
      "end_step": 225,
      "score": 0.07918981462717056,
      "joint_means": {
        "joint_0": 0.056911349296569824,
        "joint_1": 0.10981252789497375,
        "joint_2": 0.14880052208900452,
        "joint_3": 0.02397867664694786,
        "joint_4": 0.05644599348306656,
        "gripper": 0.010059574618935585
      }
    },
    {
      "episode": "episode_000000",
      "start_step": 173,
      "end_step": 222,
      "score": 0.07912157475948334,
      "joint_means": {
        "joint_0": 0.05675281211733818,
        "joint_1": 0.11117150634527206,
        "joint_2": 0.15040147304534912,
        "joint_3": 0.02435060776770115,
        "joint_4": 0.05293147638440132,
        "gripper": 0.007203405722975731
      }
    },
    {
      "episode": "episode_000000",
      "start_step": 177,
      "end_step": 226,
      "score": 0.07894724607467651,
      "joint_means": {
        "joint_0": 0.056812871247529984,
        "joint_1": 0.10905244946479797,
        "joint_2": 0.1478470265865326,
        "joint_3": 0.02381528913974762,
        "joint_4": 0.057208601385354996,
        "gripper": 0.011029787361621857
      }
    },
    {
      "episode": "episode_000000",
      "start_step": 178,
      "end_step": 227,
      "score": 0.07863928377628326,
      "joint_means": {
        "joint_0": 0.056617118418216705,
        "joint_1": 0.10828877240419388,
        "joint_2": 0.14685571193695068,
        "joint_3": 0.02368783950805664,
        "joint_4": 0.05774693191051483,
        "gripper": 0.012057873420417309
      }
    },
    {
      "episode": "episode_000000",
      "start_step": 172,
      "end_step": 221,
      "score": 0.0784546434879303,
      "joint_means": {
        "joint_0": 0.05656593292951584,
        "joint_1": 0.11070356518030167,
        "joint_2": 0.14992985129356384,
        "joint_3": 0.024121053516864777,
        "joint_4": 0.05095280706882477,
        "gripper": 0.0062570227310061455
      }
    },
    {
      "episode": "episode_000000",
      "start_step": 181,
      "end_step": 230,
      "score": 0.07832102477550507,
      "joint_means": {
        "joint_0": 0.05529702827334404,
        "joint_1": 0.10801181197166443,
        "joint_2": 0.1449938267469406,
        "joint_3": 0.023695675656199455,
        "joint_4": 0.05960676074028015,
        "gripper": 0.01625872403383255
      }
    }
  ]
}