{
  "norm_stats": {
    "state": {
      "mean": [
        0.030672499909996986,
        -0.8059670925140381,
        0.9273027181625366,
        0.9950222969055176,
        0.09793984144926071,
        0.05745561793446541
      ],
      "std": [
        0.3810054659843445,
        0.5701475143432617,
        0.45038896799087524,
        0.25568971037864685,
        0.4426146447658539,
        0.05657375231385231
      ],
      "q01": [
        -0.9994023447036743,
        -1.7489681282639504,
        0.045043761003017435,
        0.23574112984538076,
        -0.9091813364028931,
        0.007361185943707824
      ],
      "q99": [
        1.0049490658760072,
        0.3067741018533705,
        1.6851073489934207,
        1.449884535819292,
        1.03787295627594,
        0.23107627759370952
      ]
    },
    "actions": {
      "mean": [
        -0.00011728152458090335,
        -0.0008417823119089007,
        0.00046223762910813093,
        0.0012553947744891047,
        -0.01647510565817356,
        0.03082982823252678
      ],
      "std": [
        0.0659027025103569,
        0.11389970779418945,
        0.08561547100543976,
        0.07163471728563309,
        0.0909864604473114,
        0.06140482425689697
      ],
      "q01": [
        -0.19490457066893574,
        -0.252356007874012,
        -0.25484045753479,
        -0.1833508394360542,
        -0.3391774916291237,
        0.0
      ],
      "q99": [
        0.19466951227784157,
        0.3344060252308845,
        0.22704194076061257,
        0.2515422546863556,
        0.19308915685415262,
        0.22978689085245133
      ]
    }
  }
}