{
  "norm_stats": {
    "state": {
      "mean": [
        0.0369722917675972,
        -0.8063516020774841,
        0.9268835783004761,
        0.9994949698448181,
        0.09754582494497299,
        0.057329826056957245
      ],
      "std": [
        0.38382488489151,
        0.5691196322441101,
        0.4457319974899292,
        0.25452548265457153,
        0.44245076179504395,
        0.05637586861848831
      ],
      "q01": [
        -0.9425176688432694,
        -1.747659016251564,
        0.14017011702358723,
        0.2346704566478729,
        -0.9340225496292114,
        0.007607816641218961
      ],
      "q99": [
        1.0397246154785158,
        0.30197402447462096,
        1.6853697237707674,
        1.450598317950964,
        1.0304205923080443,
        0.22504176946599036
      ]
    },
    "actions": {
      "mean": [
        -0.00019523690571077168,
        -0.0008295990992337465,
        0.00040295219514518976,
        0.0013124181423336267,
        -0.01651638001203537,
        0.030746184289455414
      ],
      "std": [
        0.06677025556564331,
        0.11334243416786194,
        0.08475231379270554,
        0.07151377201080322,
        0.09055807441473007,
        0.061200644820928574
      ],
      "q01": [
        -0.19287553898692128,
        -0.2482122985959053,
        -0.2553964931249618,
        -0.1818622078180313,
        -0.3381844568371773,
        0.0
      ],
      "q99": [
        0.19788214577436447,
        0.33204343410730364,
        0.22231582443714137,
        0.25515750290155415,
        0.19011005247831336,
        0.22803608242273332
      ]
    }
  }
}