{
  "task_dir": "/home/caroline/quantycat-positronic/my_data/training_pipeline/training_data/Put_the_screwdriver_into_the_cup",
  "stats_file": "/home/caroline/quantycat-positronic/my_data/training_pipeline/min_max_action.txt",
  "num_action_files": 185330,
  "stats_min": {
    "joint_0": -0.24708396196365356,
    "joint_1": -0.3180866241455078,
    "joint_2": -0.2895200252532959,
    "joint_3": -0.26864349842071533,
    "joint_4": -0.37777790427207947,
    "gripper": 0.0
  },
  "stats_max": {
    "joint_0": 0.2486339807510376,
    "joint_1": 0.28955769538879395,
    "joint_2": 0.2225574254989624,
    "joint_3": 0.3628520369529724,
    "joint_4": 0.39508017897605896,
    "gripper": 0.4893617033958435
  },
  "empirical_min": {
    "joint_0": -0.24708396196365356,
    "joint_1": -0.3180866241455078,
    "joint_2": -0.2895200252532959,
    "joint_3": -0.26864349842071533,
    "joint_4": -0.37777790427207947,
    "gripper": 0.0
  },
  "empirical_max": {
    "joint_0": 0.2486339807510376,
    "joint_1": 0.28955769538879395,
    "joint_2": 0.2225574254989624,
    "joint_3": 0.3628520369529724,
    "joint_4": 0.39508017897605896,
    "gripper": 0.4893617033958435
  },
  "empirical_mean": {
    "joint_0": 0.0015656586037948728,
    "joint_1": -0.01121061947196722,
    "joint_2": -0.016887972131371498,
    "joint_3": 0.0009274681215174496,
    "joint_4": -0.005525087937712669,
    "gripper": 0.027986690402030945
  },
  "empirical_median": {
    "joint_0": 0.0035875290632247925,
    "joint_1": -0.003835916519165039,
    "joint_2": -0.013173699378967285,
    "joint_3": 0.0022047758102416992,
    "joint_4": -0.000505983829498291,
    "gripper": 0.002553191501647234
  },
  "roundtrip_max_abs_error": 4.470348358154297e-08,
  "roundtrip_mean_abs_error": 5.062310570735917e-09,
  "raw_zero_as_normalized": {
    "joint_0": -0.003126800060272217,
    "joint_1": 0.04695010185241699,
    "joint_2": 0.13076651096343994,
    "joint_3": -0.1491832137107849,
    "joint_4": -0.022387385368347168,
    "gripper": -1.0
  },
  "normalized_zero_as_raw_midpoint": {
    "joint_0": 0.0007750093936920166,
    "joint_1": -0.014264464378356934,
    "joint_2": -0.03348129987716675,
    "joint_3": 0.04710426926612854,
    "joint_4": 0.008651137351989746,
    "gripper": 0.24468085169792175
  },
  "normalized_empirical_mean": {
    "joint_0": 0.0031898932065814734,
    "joint_1": 0.010048797354102135,
    "joint_2": 0.0648195818066597,
    "joint_3": -0.14626505970954895,
    "joint_4": -0.036683112382888794,
    "gripper": -0.885712742805481
  },
  "normalized_empirical_median": {
    "joint_0": 0.011347293853759766,
    "joint_1": 0.0343245267868042,
    "joint_2": 0.07931458950042725,
    "joint_3": -0.1422005295753479,
    "joint_4": -0.02369678020477295,
    "gripper": -0.9895651936531067
  }
}